{
  "title": "Services",
  "description": "Lorem ipsum dolor sit amet, consectetur adipiscing elit. Viverra tristique placerat in massa consectetur quisque nunc fames.",
  "paragraphes": [
    "Lorem ipsum dolor sit amet, consectetur adipiscing elit. Viverra tristique placerat in massa consectetur quisque. Nunc ac fames lectus in libero aliquet.",
    "Faucibus sed tristique fames sed aliquet ultricies eget viverra arcu. Vitae faucibus diam consequat maecenas. Turpis metus sit diam purus leo in varius ac quam. Nunc amet tristique volutpat adipiscing vulputate phasellus. Volutpat faucibus"
  ],

  "servicesBoxes": [
    {
      "imageAltText": "serv icon",
      "servTitle": "Design",
      "servDesc": "A full stack allaround designer that may or may not include a guide for specific creative people",
      "className": "service-holder"
    },
    {
      "imageAltText": "serv icon",
      "servTitle": "Develop",
      "servDesc": "Tellus pharetra erat tristique erat donec dignissim etiam sed malesik enim sodales lorem ipsum",
      "className": "service-holder m-right-0"
    },
    {
      "imageAltText": "serv icon",
      "servTitle": "Write",
      "servDesc": "Vestibulum consequat, dignissim tellus sollicitudin vulputate elit aliquet ullamcorper feugiat nisi",
      "className": "service-holder m-bottom-0"
    },
    {
      "imageAltText": "serv icon",
      "servTitle": "Promote",
      "servDesc": "Quam facilisi nunc faucibus at porttitor vestibulum consequat dignissim tellus sollicitudin",
      "className": "service-holder m-right-0 m-bottom-0"
    }
  ]
}
